Time (Sec);S1;S11;S17;S18;S2;S20;S24;S25;S26;S33;S34;S35;S41;S42;S43;S46;S47;S48;S49;S50;S51;S7;
0.0;19159.9999;19160.0;19160.0;19159.9999;19159.9999;19159.9999;19159.9999;19159.9999;19160.0;19159.9999;19159.9999;19160.0;19159.9999;19159.9999;19160.0;19160.0;19160.0;19160.0;19160.0;19160.0;19160.0;19160.0;
39.44500000000001;19159.9865392;19159.90556959999;19159.9917632;19159.985591999997;19159.9865392;19159.985591999997;19159.985591999997;19159.985591999997;19159.9917632;19159.985591999997;19159.985591999997;19159.9917632;19159.985491999996;19159.985591999997;19159.9917632;19159.968196800004;19159.95217279999;19159.95217279999;19159.962086399988;19159.96069759999;19159.96069759999;19159.9917632;
39.44500000000001;19159.9865392;19159.90556959999;19159.9917632;19159.985591999997;19159.9865392;19159.985591999997;19159.985591999997;19159.985591999997;19159.9917632;19159.985591999997;19159.985591999997;19159.9917632;19159.978387999996;19159.985591999997;19159.9917632;19159.968196800004;19159.95217279999;19159.95217279999;19159.962086399988;19159.96069759999;19159.96069759999;19159.9917632;
39.45467333333334;19159.9865392;19159.90556959999;19159.9917632;19159.985591999997;19159.9865392;19159.985591999997;19159.985591999997;19159.985591999997;19159.9917632;19159.985591999997;19159.985591999997;19159.9917632;19159.978387999996;19159.985591999997;19159.9917632;19159.968196800004;19159.95217279999;19159.948740799988;19159.962086399988;19159.96069759999;19159.96069759999;19159.9917632;
39.45467333333334;19159.9865392;19159.90556959999;19159.9917632;19159.985591999997;19159.9865392;19159.985591999997;19159.985591999997;19159.985591999997;19159.9917632;19159.985591999997;19159.985591999997;19159.9917632;19159.978387999996;19159.985591999997;19159.9917632;19159.968196800004;19159.95217279999;19159.944478399986;19159.962086399988;19159.96069759999;19159.96069759999;19159.9917632;
39.457810666666674;19159.9865392;19159.90556959999;19159.9917632;19159.985591999997;19159.9865392;19159.985591999997;19159.985591999997;19159.985591999997;19159.9917632;19159.985591999997;19159.985591999997;19159.9917632;19159.978387999996;19159.985591999997;19159.989704;19159.968196800004;19159.95217279999;19159.944478399986;19159.962086399988;19159.96069759999;19159.96069759999;19159.9917632;
40.05700000000001;19159.986439199998;19159.90556959999;19159.9917632;19159.985591999997;19159.9865392;19159.985591999997;19159.985591999997;19159.985591999997;19159.9917632;19159.985591999997;19159.985591999997;19159.9917632;19159.978387999996;19159.985591999997;19159.989704;19159.968196800004;19159.95217279999;19159.944478399986;19159.962086399988;19159.96069759999;19159.96069759999;19159.9917632;
40.05700000000001;19159.9798088;19159.90556959999;19159.9917632;19159.985591999997;19159.9865392;19159.985591999997;19159.985591999997;19159.985591999997;19159.9917632;19159.985591999997;19159.985591999997;19159.9917632;19159.978387999996;19159.985591999997;19159.989704;19159.968196800004;19159.95217279999;19159.944478399986;19159.962086399988;19159.96069759999;19159.96069759999;19159.9917632;
40.06558400000001;19159.9798088;19159.90556959999;19159.9917632;19159.985591999997;19159.9865392;19159.985591999997;19159.985591999997;19159.985591999997;19159.9917632;19159.985591999997;19159.985591999997;19159.9917632;19159.978387999996;19159.985591999997;19159.989704;19159.968196800004;19159.95217279999;19159.944478399986;19159.958883199986;19159.96069759999;19159.96069759999;19159.9917632;
40.06558400000001;19159.9798088;19159.90556959999;19159.9917632;19159.985591999997;19159.9865392;19159.985591999997;19159.985591999997;19159.985591999997;19159.9917632;19159.985591999997;19159.985591999997;19159.9917632;19159.978387999996;19159.985591999997;19159.989704;19159.968196800004;19159.95217279999;19159.944478399986;19159.954620799985;19159.96069759999;19159.96069759999;19159.9917632;
40.06872133333334;19159.9798088;19159.90556959999;19159.9917632;19159.985591999997;19159.9865392;19159.985591999997;19159.985591999997;19159.985591999997;19159.9917632;19159.985591999997;19159.985591999997;19159.9917632;19159.978387999996;19159.985591999997;19159.989704;19159.968196800004;19159.95217279999;19159.944478399986;19159.954620799985;19159.96069759999;19159.96069759999;19159.989704;
50.00000000000001;19159.9798088;19159.90556959999;19159.9917632;19159.985591999997;19159.9865392;19159.985591999997;19159.985591999997;19159.985591999997;19159.9917632;19159.985491999996;19159.985591999997;19159.9917632;19159.978387999996;19159.985591999997;19159.989704;19159.968196800004;19159.95217279999;19159.944478399986;19159.954620799985;19159.96069759999;19159.96069759999;19159.989704;
50.00000000000001;19159.9798088;19159.90556959999;19159.9917632;19159.985591999997;19159.9865392;19159.985591999997;19159.985591999997;19159.985591999997;19159.9917632;19159.978387999996;19159.985591999997;19159.9917632;19159.978387999996;19159.985591999997;19159.989704;19159.968196800004;19159.95217279999;19159.944478399986;19159.954620799985;19159.96069759999;19159.96069759999;19159.989704;
50.00967333333334;19159.9798088;19159.90556959999;19159.9917632;19159.985591999997;19159.9865392;19159.985591999997;19159.985591999997;19159.985591999997;19159.9917632;19159.978387999996;19159.985591999997;19159.9917632;19159.978387999996;19159.985591999997;19159.989704;19159.968196800004;19159.948740799988;19159.944478399986;19159.954620799985;19159.96069759999;19159.96069759999;19159.989704;
50.00967333333334;19159.9798088;19159.90556959999;19159.9917632;19159.985591999997;19159.9865392;19159.985591999997;19159.985591999997;19159.985591999997;19159.9917632;19159.978387999996;19159.985591999997;19159.9917632;19159.978387999996;19159.985591999997;19159.989704;19159.968196800004;19159.944478399986;19159.944478399986;19159.954620799985;19159.96069759999;19159.96069759999;19159.989704;
50.012810666666674;19159.9798088;19159.90556959999;19159.9917632;19159.985591999997;19159.9865392;19159.985591999997;19159.985591999997;19159.985591999997;19159.9917632;19159.978387999996;19159.985591999997;19159.989704;19159.978387999996;19159.985591999997;19159.989704;19159.968196800004;19159.944478399986;19159.944478399986;19159.954620799985;19159.96069759999;19159.96069759999;19159.989704;
53.18800000000001;19159.9798088;19159.90556959999;19159.9917632;19159.985591999997;19159.986439199998;19159.985591999997;19159.985591999997;19159.985591999997;19159.9917632;19159.978387999996;19159.985591999997;19159.989704;19159.978387999996;19159.985591999997;19159.989704;19159.968196800004;19159.944478399986;19159.944478399986;19159.954620799985;19159.96069759999;19159.96069759999;19159.989704;
53.18800000000001;19159.9798088;19159.90556959999;19159.9917632;19159.985591999997;19159.9798088;19159.985591999997;19159.985591999997;19159.985591999997;19159.9917632;19159.978387999996;19159.985591999997;19159.989704;19159.978387999996;19159.985591999997;19159.989704;19159.968196800004;19159.944478399986;19159.944478399986;19159.954620799985;19159.96069759999;19159.96069759999;19159.989704;
53.19658400000001;19159.9798088;19159.90556959999;19159.9917632;19159.985591999997;19159.9798088;19159.985591999997;19159.985591999997;19159.985591999997;19159.9917632;19159.978387999996;19159.985591999997;19159.989704;19159.978387999996;19159.985591999997;19159.989704;19159.968196800004;19159.944478399986;19159.944478399986;19159.951417599983;19159.96069759999;19159.96069759999;19159.989704;
53.19658400000001;19159.9798088;19159.90556959999;19159.9917632;19159.985591999997;19159.9798088;19159.985591999997;19159.985591999997;19159.985591999997;19159.9917632;19159.978387999996;19159.985591999997;19159.989704;19159.978387999996;19159.985591999997;19159.989704;19159.968196800004;19159.944478399986;19159.944478399986;19159.94715519998;19159.96069759999;19159.96069759999;19159.989704;
53.19658400000001;19159.9798088;19159.90556959999;19159.9917632;19159.985591999997;19159.9798088;19159.985591999997;19159.985591999997;19159.985591999997;19159.9917632;19159.978387999996;19159.985591999997;19159.989704;19159.978387999996;19159.985591999997;19159.989704;19159.968196800004;19159.944478399986;19159.944478399986;19159.939103999983;19159.96069759999;19159.96069759999;19159.989704;
53.19972133333334;19159.9798088;19159.90556959999;19159.9917632;19159.985591999997;19159.9798088;19159.985591999997;19159.985591999997;19159.985591999997;19159.9917632;19159.978387999996;19159.985591999997;19159.989704;19159.978387999996;19159.985591999997;19159.989704;19159.968196800004;19159.944478399986;19159.944478399986;19159.939103999983;19159.96069759999;19159.96069759999;19159.9876448;
53.20843600000001;19159.9798088;19159.901679999988;19159.9917632;19159.985591999997;19159.9798088;19159.985591999997;19159.985591999997;19159.985591999997;19159.9917632;19159.978387999996;19159.985591999997;19159.989704;19159.978387999996;19159.985591999997;19159.989704;19159.968196800004;19159.944478399986;19159.944478399986;19159.939103999983;19159.96069759999;19159.96069759999;19159.9876448;
53.20843600000001;19159.9798088;19159.892681599988;19159.9917632;19159.985591999997;19159.9798088;19159.985591999997;19159.985591999997;19159.985591999997;19159.9917632;19159.978387999996;19159.985591999997;19159.989704;19159.978387999996;19159.985591999997;19159.989704;19159.968196800004;19159.944478399986;19159.944478399986;19159.939103999983;19159.96069759999;19159.96069759999;19159.9876448;
53.222466666666676;19159.9798088;19159.892681599988;19159.9917632;19159.985591999997;19159.9798088;19159.985591999997;19159.985591999997;19159.985591999997;19159.9917632;19159.978387999996;19159.985591999997;19159.989704;19159.978387999996;19159.985591999997;19159.989704;19159.963849600004;19159.944478399986;19159.944478399986;19159.939103999983;19159.96069759999;19159.96069759999;19159.9876448;
53.92000000000001;19159.9798088;19159.892681599988;19159.9917632;19159.985591999997;19159.9798088;19159.985591999997;19159.985491999996;19159.985591999997;19159.9917632;19159.978387999996;19159.985591999997;19159.989704;19159.978387999996;19159.985591999997;19159.989704;19159.963849600004;19159.944478399986;19159.944478399986;19159.939103999983;19159.96069759999;19159.96069759999;19159.9876448;
53.92000000000001;19159.9798088;19159.892681599988;19159.9917632;19159.985591999997;19159.9798088;19159.985591999997;19159.978387999996;19159.985591999997;19159.9917632;19159.978387999996;19159.985591999997;19159.989704;19159.978387999996;19159.985591999997;19159.989704;19159.963849600004;19159.944478399986;19159.944478399986;19159.939103999983;19159.96069759999;19159.96069759999;19159.9876448;
53.92967333333334;19159.9798088;19159.892681599988;19159.9917632;19159.985591999997;19159.9798088;19159.985591999997;19159.978387999996;19159.985591999997;19159.9917632;19159.978387999996;19159.985591999997;19159.989704;19159.978387999996;19159.985591999997;19159.989704;19159.963849600004;19159.944478399986;19159.944478399986;19159.939103999983;19159.96069759999;19159.957265599987;19159.9876448;
53.92967333333334;19159.9798088;19159.892681599988;19159.9917632;19159.985591999997;19159.9798088;19159.985591999997;19159.978387999996;19159.985591999997;19159.9917632;19159.978387999996;19159.985591999997;19159.989704;19159.978387999996;19159.985591999997;19159.989704;19159.963849600004;19159.944478399986;19159.944478399986;19159.939103999983;19159.96069759999;19159.953003199986;19159.9876448;
53.932810666666676;19159.9798088;19159.892681599988;19159.9917632;19159.985591999997;19159.9798088;19159.985591999997;19159.978387999996;19159.985591999997;19159.989704;19159.978387999996;19159.985591999997;19159.989704;19159.978387999996;19159.985591999997;19159.989704;19159.963849600004;19159.944478399986;19159.944478399986;19159.939103999983;19159.96069759999;19159.953003199986;19159.9876448;
54.099000000000004;19159.9798088;19159.892681599988;19159.9917632;19159.985491999996;19159.9798088;19159.985591999997;19159.978387999996;19159.985591999997;19159.989704;19159.978387999996;19159.985591999997;19159.989704;19159.978387999996;19159.985591999997;19159.989704;19159.963849600004;19159.944478399986;19159.944478399986;19159.939103999983;19159.96069759999;19159.953003199986;19159.9876448;
54.099000000000004;19159.9798088;19159.892681599988;19159.9917632;19159.978387999996;19159.9798088;19159.985591999997;19159.978387999996;19159.985591999997;19159.989704;19159.978387999996;19159.985591999997;19159.989704;19159.978387999996;19159.985591999997;19159.989704;19159.963849600004;19159.944478399986;19159.944478399986;19159.939103999983;19159.96069759999;19159.953003199986;19159.9876448;
54.108673333333336;19159.9798088;19159.892681599988;19159.9917632;19159.978387999996;19159.9798088;19159.985591999997;19159.978387999996;19159.985591999997;19159.989704;19159.978387999996;19159.985591999997;19159.989704;19159.978387999996;19159.985591999997;19159.989704;19159.963849600004;19159.944478399986;19159.944478399986;19159.939103999983;19159.957265599987;19159.953003199986;19159.9876448;
54.108673333333336;19159.9798088;19159.892681599988;19159.9917632;19159.978387999996;19159.9798088;19159.985591999997;19159.978387999996;19159.985591999997;19159.989704;19159.978387999996;19159.985591999997;19159.989704;19159.978387999996;19159.985591999997;19159.989704;19159.963849600004;19159.944478399986;19159.944478399986;19159.939103999983;19159.953003199986;19159.953003199986;19159.9876448;
54.11181066666667;19159.9798088;19159.892681599988;19159.989704;19159.978387999996;19159.9798088;19159.985591999997;19159.978387999996;19159.985591999997;19159.989704;19159.978387999996;19159.985591999997;19159.989704;19159.978387999996;19159.985591999997;19159.989704;19159.963849600004;19159.944478399986;19159.944478399986;19159.939103999983;19159.953003199986;19159.953003199986;19159.9876448;
54.92700000000001;19159.9798088;19159.892681599988;19159.989704;19159.978387999996;19159.9798088;19159.985491999996;19159.978387999996;19159.985591999997;19159.989704;19159.978387999996;19159.985591999997;19159.989704;19159.978387999996;19159.985591999997;19159.989704;19159.963849600004;19159.944478399986;19159.944478399986;19159.939103999983;19159.953003199986;19159.953003199986;19159.9876448;
54.92700000000001;19159.9798088;19159.892681599988;19159.989704;19159.978387999996;19159.9798088;19159.978387999996;19159.978387999996;19159.985591999997;19159.989704;19159.978387999996;19159.985591999997;19159.989704;19159.978387999996;19159.985591999997;19159.989704;19159.963849600004;19159.944478399986;19159.944478399986;19159.939103999983;19159.953003199986;19159.953003199986;19159.9876448;
54.93667333333334;19159.9798088;19159.892681599988;19159.989704;19159.978387999996;19159.9798088;19159.978387999996;19159.978387999996;19159.985591999997;19159.989704;19159.978387999996;19159.985591999997;19159.989704;19159.978387999996;19159.985591999997;19159.989704;19159.963849600004;19159.944478399986;19159.944478399986;19159.939103999983;19159.949571199984;19159.953003199986;19159.9876448;
54.93667333333334;19159.9798088;19159.892681599988;19159.989704;19159.978387999996;19159.9798088;19159.978387999996;19159.978387999996;19159.985591999997;19159.989704;19159.978387999996;19159.985591999997;19159.989704;19159.978387999996;19159.985591999997;19159.989704;19159.963849600004;19159.944478399986;19159.944478399986;19159.939103999983;19159.945308799983;19159.953003199986;19159.9876448;
54.93667333333334;19159.9798088;19159.892681599988;19159.989704;19159.978387999996;19159.9798088;19159.978387999996;19159.978387999996;19159.985591999997;19159.989704;19159.978387999996;19159.985591999997;19159.989704;19159.978387999996;19159.985591999997;19159.989704;19159.963849600004;19159.944478399986;19159.944478399986;19159.939103999983;19159.936783999983;19159.953003199986;19159.9876448;
54.93981066666667;19159.9798088;19159.892681599988;19159.9876448;19159.978387999996;19159.9798088;19159.978387999996;19159.978387999996;19159.985591999997;19159.989704;19159.978387999996;19159.985591999997;19159.989704;19159.978387999996;19159.985591999997;19159.989704;19159.963849600004;19159.944478399986;19159.944478399986;19159.939103999983;19159.936783999983;19159.953003199986;19159.9876448;
54.949614666666676;19159.9798088;19159.888563199987;19159.9876448;19159.978387999996;19159.9798088;19159.978387999996;19159.978387999996;19159.985591999997;19159.989704;19159.978387999996;19159.985591999997;19159.989704;19159.978387999996;19159.985591999997;19159.989704;19159.963849600004;19159.944478399986;19159.944478399986;19159.939103999983;19159.936783999983;19159.953003199986;19159.9876448;
54.949614666666676;19159.9798088;19159.879091199986;19159.9876448;19159.978387999996;19159.9798088;19159.978387999996;19159.978387999996;19159.985591999997;19159.989704;19159.978387999996;19159.985591999997;19159.989704;19159.978387999996;19159.985591999997;19159.989704;19159.963849600004;19159.944478399986;19159.944478399986;19159.939103999983;19159.936783999983;19159.953003199986;19159.9876448;
54.96473466666668;19159.9798088;19159.879091199986;19159.9876448;19159.978387999996;19159.9798088;19159.978387999996;19159.978387999996;19159.985591999997;19159.989704;19159.978387999996;19159.985591999997;19159.989704;19159.978387999996;19159.985591999997;19159.989704;19159.959273600005;19159.944478399986;19159.944478399986;19159.939103999983;19159.936783999983;19159.953003199986;19159.9876448;
60.000000000000014;19159.9798088;19159.879091199986;19159.9876448;19159.978387999996;19159.9798088;19159.978387999996;19159.978387999996;19159.985591999997;19159.989704;19159.978387999996;19159.985591999997;19159.989704;19159.978387999996;19159.985591999997;19159.989704;19159.959273600005;19159.944478399986;19159.944478399986;19159.939103999983;19159.936783999983;19159.953003199986;19159.9876448;
63.09000000000002;19159.9798088;19159.879091199986;19159.9876448;19159.978387999996;19159.9798088;19159.978387999996;19159.978387999996;19159.985491999996;19159.989704;19159.978387999996;19159.985591999997;19159.989704;19159.978387999996;19159.985591999997;19159.989704;19159.959273600005;19159.944478399986;19159.944478399986;19159.939103999983;19159.936783999983;19159.953003199986;19159.9876448;
63.09000000000002;19159.9798088;19159.879091199986;19159.9876448;19159.978387999996;19159.9798088;19159.978387999996;19159.978387999996;19159.978387999996;19159.989704;19159.978387999996;19159.985591999997;19159.989704;19159.978387999996;19159.985591999997;19159.989704;19159.959273600005;19159.944478399986;19159.944478399986;19159.939103999983;19159.936783999983;19159.953003199986;19159.9876448;
63.09967333333335;19159.9798088;19159.879091199986;19159.9876448;19159.978387999996;19159.9798088;19159.978387999996;19159.978387999996;19159.978387999996;19159.989704;19159.978387999996;19159.985591999997;19159.989704;19159.978387999996;19159.985591999997;19159.989704;19159.959273600005;19159.944478399986;19159.944478399986;19159.939103999983;19159.936783999983;19159.949571199984;19159.9876448;
63.09967333333335;19159.9798088;19159.879091199986;19159.9876448;19159.978387999996;19159.9798088;19159.978387999996;19159.978387999996;19159.978387999996;19159.989704;19159.978387999996;19159.985591999997;19159.989704;19159.978387999996;19159.985591999997;19159.989704;19159.959273600005;19159.944478399986;19159.944478399986;19159.939103999983;19159.936783999983;19159.945308799983;19159.9876448;
63.09967333333335;19159.9798088;19159.879091199986;19159.9876448;19159.978387999996;19159.9798088;19159.978387999996;19159.978387999996;19159.978387999996;19159.989704;19159.978387999996;19159.985591999997;19159.989704;19159.978387999996;19159.985591999997;19159.989704;19159.959273600005;19159.944478399986;19159.944478399986;19159.939103999983;19159.936783999983;19159.936783999983;19159.9876448;
63.102810666666684;19159.9798088;19159.879091199986;19159.9876448;19159.978387999996;19159.9798088;19159.978387999996;19159.978387999996;19159.978387999996;19159.9876448;19159.978387999996;19159.985591999997;19159.989704;19159.978387999996;19159.985591999997;19159.989704;19159.959273600005;19159.944478399986;19159.944478399986;19159.939103999983;19159.936783999983;19159.936783999983;19159.9876448;
63.11261466666669;19159.9798088;19159.874972799986;19159.9876448;19159.978387999996;19159.9798088;19159.978387999996;19159.978387999996;19159.978387999996;19159.9876448;19159.978387999996;19159.985591999997;19159.989704;19159.978387999996;19159.985591999997;19159.989704;19159.959273600005;19159.944478399986;19159.944478399986;19159.939103999983;19159.936783999983;19159.936783999983;19159.9876448;
63.11261466666669;19159.9798088;19159.865500799984;19159.9876448;19159.978387999996;19159.9798088;19159.978387999996;19159.978387999996;19159.978387999996;19159.9876448;19159.978387999996;19159.985591999997;19159.989704;19159.978387999996;19159.985591999997;19159.989704;19159.959273600005;19159.944478399986;19159.944478399986;19159.939103999983;19159.936783999983;19159.936783999983;19159.9876448;
63.12773466666669;19159.9798088;19159.865500799984;19159.9876448;19159.978387999996;19159.9798088;19159.978387999996;19159.978387999996;19159.978387999996;19159.9876448;19159.978387999996;19159.985591999997;19159.989704;19159.978387999996;19159.985591999997;19159.989704;19159.954697600006;19159.944478399986;19159.944478399986;19159.939103999983;19159.936783999983;19159.936783999983;19159.9876448;
78.89000000000001;19159.9798088;19159.865500799984;19159.9876448;19159.978387999996;19159.9798088;19159.978387999996;19159.978387999996;19159.978387999996;19159.9876448;19159.978387999996;19159.985591999997;19159.989704;19159.978287999995;19159.985591999997;19159.989704;19159.954697600006;19159.944478399986;19159.944478399986;19159.939103999983;19159.936783999983;19159.936783999983;19159.9876448;
78.89000000000001;19159.9798088;19159.865500799984;19159.9876448;19159.978387999996;19159.9798088;19159.978387999996;19159.978387999996;19159.978387999996;19159.9876448;19159.978387999996;19159.985591999997;19159.989704;19159.971183999995;19159.985591999997;19159.989704;19159.954697600006;19159.944478399986;19159.944478399986;19159.939103999983;19159.936783999983;19159.936783999983;19159.9876448;
78.89967333333335;19159.9798088;19159.865500799984;19159.9876448;19159.978387999996;19159.9798088;19159.978387999996;19159.978387999996;19159.978387999996;19159.9876448;19159.978387999996;19159.985591999997;19159.989704;19159.971183999995;19159.985591999997;19159.989704;19159.954697600006;19159.944478399986;19159.941046399985;19159.939103999983;19159.936783999983;19159.936783999983;19159.9876448;
78.89967333333335;19159.9798088;19159.865500799984;19159.9876448;19159.978387999996;19159.9798088;19159.978387999996;19159.978387999996;19159.978387999996;19159.9876448;19159.978387999996;19159.985591999997;19159.989704;19159.971183999995;19159.985591999997;19159.989704;19159.954697600006;19159.944478399986;19159.936783999983;19159.939103999983;19159.936783999983;19159.936783999983;19159.9876448;
78.89967333333335;19159.9798088;19159.865500799984;19159.9876448;19159.978387999996;19159.9798088;19159.978387999996;19159.978387999996;19159.978387999996;19159.9876448;19159.978387999996;19159.985591999997;19159.989704;19159.971183999995;19159.985591999997;19159.989704;19159.954697600006;19159.944478399986;19159.928259199984;19159.939103999983;19159.936783999983;19159.936783999983;19159.9876448;
78.90281066666668;19159.9798088;19159.865500799984;19159.9876448;19159.978387999996;19159.9798088;19159.978387999996;19159.978387999996;19159.978387999996;19159.9876448;19159.978387999996;19159.985591999997;19159.989704;19159.971183999995;19159.985591999997;19159.9876448;19159.954697600006;19159.944478399986;19159.928259199984;19159.939103999983;19159.936783999983;19159.936783999983;19159.9876448;
78.91261466666668;19159.9798088;19159.861382399984;19159.9876448;19159.978387999996;19159.9798088;19159.978387999996;19159.978387999996;19159.978387999996;19159.9876448;19159.978387999996;19159.985591999997;19159.989704;19159.971183999995;19159.985591999997;19159.9876448;19159.954697600006;19159.944478399986;19159.928259199984;19159.939103999983;19159.936783999983;19159.936783999983;19159.9876448;
78.91261466666668;19159.9798088;19159.851910399982;19159.9876448;19159.978387999996;19159.9798088;19159.978387999996;19159.978387999996;19159.978387999996;19159.9876448;19159.978387999996;19159.985591999997;19159.989704;19159.971183999995;19159.985591999997;19159.9876448;19159.954697600006;19159.944478399986;19159.928259199984;19159.939103999983;19159.936783999983;19159.936783999983;19159.9876448;
78.92773466666668;19159.9798088;19159.851910399982;19159.9876448;19159.978387999996;19159.9798088;19159.978387999996;19159.978387999996;19159.978387999996;19159.9876448;19159.978387999996;19159.985591999997;19159.989704;19159.971183999995;19159.985591999997;19159.9876448;19159.950121600006;19159.944478399986;19159.928259199984;19159.939103999983;19159.936783999983;19159.936783999983;19159.9876448;
80.11400000000002;19159.979708799998;19159.851910399982;19159.9876448;19159.978387999996;19159.9798088;19159.978387999996;19159.978387999996;19159.978387999996;19159.9876448;19159.978387999996;19159.985591999997;19159.989704;19159.971183999995;19159.985591999997;19159.9876448;19159.950121600006;19159.944478399986;19159.928259199984;19159.939103999983;19159.936783999983;19159.936783999983;19159.9876448;
80.11400000000002;19159.9730784;19159.851910399982;19159.9876448;19159.978387999996;19159.9798088;19159.978387999996;19159.978387999996;19159.978387999996;19159.9876448;19159.978387999996;19159.985591999997;19159.989704;19159.971183999995;19159.985591999997;19159.9876448;19159.950121600006;19159.944478399986;19159.928259199984;19159.939103999983;19159.936783999983;19159.936783999983;19159.9876448;
80.12258400000002;19159.9730784;19159.851910399982;19159.9876448;19159.978387999996;19159.9798088;19159.978387999996;19159.978387999996;19159.978387999996;19159.9876448;19159.978387999996;19159.985591999997;19159.989704;19159.971183999995;19159.985591999997;19159.9876448;19159.950121600006;19159.944478399986;19159.928259199984;19159.93590079998;19159.936783999983;19159.936783999983;19159.9876448;
80.12258400000002;19159.9730784;19159.851910399982;19159.9876448;19159.978387999996;19159.9798088;19159.978387999996;19159.978387999996;19159.978387999996;19159.9876448;19159.978387999996;19159.985591999997;19159.989704;19159.971183999995;19159.985591999997;19159.9876448;19159.950121600006;19159.944478399986;19159.928259199984;19159.93163839998;19159.936783999983;19159.936783999983;19159.9876448;
80.12572133333335;19159.9730784;19159.851910399982;19159.9876448;19159.978387999996;19159.9798088;19159.978387999996;19159.978387999996;19159.978387999996;19159.9876448;19159.978387999996;19159.985591999997;19159.989704;19159.971183999995;19159.985591999997;19159.9876448;19159.950121600006;19159.944478399986;19159.928259199984;19159.93163839998;19159.936783999983;19159.936783999983;19159.9855856;
83.21199999999997;19159.9730784;19159.851910399982;19159.9876448;19159.978387999996;19159.9798088;19159.978387999996;19159.978387999996;19159.978387999996;19159.9876448;19159.978387999996;19159.985591999997;19159.989704;19159.971183999995;19159.985491999996;19159.9876448;19159.950121600006;19159.944478399986;19159.928259199984;19159.93163839998;19159.936783999983;19159.936783999983;19159.9855856;
83.21199999999997;19159.9730784;19159.851910399982;19159.9876448;19159.978387999996;19159.9798088;19159.978387999996;19159.978387999996;19159.978387999996;19159.9876448;19159.978387999996;19159.985591999997;19159.989704;19159.971183999995;19159.978387999996;19159.9876448;19159.950121600006;19159.944478399986;19159.928259199984;19159.93163839998;19159.936783999983;19159.936783999983;19159.9855856;
83.22167333333331;19159.9730784;19159.851910399982;19159.9876448;19159.978387999996;19159.9798088;19159.978387999996;19159.978387999996;19159.978387999996;19159.9876448;19159.978387999996;19159.985591999997;19159.989704;19159.971183999995;19159.978387999996;19159.9876448;19159.950121600006;19159.944478399986;19159.924827199982;19159.93163839998;19159.936783999983;19159.936783999983;19159.9855856;
83.22167333333331;19159.9730784;19159.851910399982;19159.9876448;19159.978387999996;19159.9798088;19159.978387999996;19159.978387999996;19159.978387999996;19159.9876448;19159.978387999996;19159.985591999997;19159.989704;19159.971183999995;19159.978387999996;19159.9876448;19159.950121600006;19159.944478399986;19159.92056479998;19159.93163839998;19159.936783999983;19159.936783999983;19159.9855856;
83.22481066666664;19159.9730784;19159.851910399982;19159.9876448;19159.978387999996;19159.9798088;19159.978387999996;19159.978387999996;19159.978387999996;19159.9876448;19159.978387999996;19159.985591999997;19159.989704;19159.971183999995;19159.978387999996;19159.9855856;19159.950121600006;19159.944478399986;19159.92056479998;19159.93163839998;19159.936783999983;19159.936783999983;19159.9855856;
85.25099999999998;19159.9730784;19159.851910399982;19159.9876448;19159.978387999996;19159.9798088;19159.978387999996;19159.978387999996;19159.978387999996;19159.9876448;19159.978387999996;19159.985491999996;19159.989704;19159.971183999995;19159.978387999996;19159.9855856;19159.950121600006;19159.944478399986;19159.92056479998;19159.93163839998;19159.936783999983;19159.936783999983;19159.9855856;
85.25099999999998;19159.9730784;19159.851910399982;19159.9876448;19159.978387999996;19159.9798088;19159.978387999996;19159.978387999996;19159.978387999996;19159.9876448;19159.978387999996;19159.977914399995;19159.989704;19159.971183999995;19159.978387999996;19159.9855856;19159.950121600006;19159.944478399986;19159.92056479998;19159.93163839998;19159.936783999983;19159.936783999983;19159.9855856;
85.26176266666664;19159.9730784;19159.851910399982;19159.9876448;19159.978387999996;19159.9798088;19159.978387999996;19159.978387999996;19159.978387999996;19159.9876448;19159.978387999996;19159.977914399995;19159.989704;19159.971183999995;19159.978387999996;19159.9855856;19159.950121600006;19159.940817599985;19159.92056479998;19159.93163839998;19159.936783999983;19159.936783999983;19159.9855856;
85.26176266666664;19159.9730784;19159.851910399982;19159.9876448;19159.978387999996;19159.9798088;19159.978387999996;19159.978387999996;19159.978387999996;19159.9876448;19159.978387999996;19159.977914399995;19159.989704;19159.971183999995;19159.978387999996;19159.9855856;19159.950121600006;19159.936555199984;19159.92056479998;19159.93163839998;19159.936783999983;19159.936783999983;19159.9855856;
85.26176266666664;19159.9730784;19159.851910399982;19159.9876448;19159.978387999996;19159.9798088;19159.978387999996;19159.978387999996;19159.978387999996;19159.9876448;19159.978387999996;19159.977914399995;19159.989704;19159.971183999995;19159.978387999996;19159.9855856;19159.950121600006;19159.927556799983;19159.92056479998;19159.93163839998;19159.936783999983;19159.936783999983;19159.9855856;
85.26489999999997;19159.9730784;19159.851910399982;19159.9876448;19159.978387999996;19159.9798088;19159.978387999996;19159.978387999996;19159.978387999996;19159.9876448;19159.978387999996;19159.977914399995;19159.9876448;19159.971183999995;19159.978387999996;19159.9855856;19159.950121600006;19159.927556799983;19159.92056479998;19159.93163839998;19159.936783999983;19159.936783999983;19159.9855856;
85.2757933333333;19159.9730784;19159.847563199983;19159.9876448;19159.978387999996;19159.9798088;19159.978387999996;19159.978387999996;19159.978387999996;19159.9876448;19159.978387999996;19159.977914399995;19159.9876448;19159.971183999995;19159.978387999996;19159.9855856;19159.950121600006;19159.927556799983;19159.92056479998;19159.93163839998;19159.936783999983;19159.936783999983;19159.9855856;
85.2757933333333;19159.9730784;19159.837617599984;19159.9876448;19159.978387999996;19159.9798088;19159.978387999996;19159.978387999996;19159.978387999996;19159.9876448;19159.978387999996;19159.977914399995;19159.9876448;19159.971183999995;19159.978387999996;19159.9855856;19159.950121600006;19159.927556799983;19159.92056479998;19159.93163839998;19159.936783999983;19159.936783999983;19159.9855856;
85.29200266666663;19159.9730784;19159.837617599984;19159.9876448;19159.978387999996;19159.9798088;19159.978387999996;19159.978387999996;19159.978387999996;19159.9876448;19159.978387999996;19159.977914399995;19159.9876448;19159.971183999995;19159.978387999996;19159.9855856;19159.945316800007;19159.927556799983;19159.92056479998;19159.93163839998;19159.936783999983;19159.936783999983;19159.9855856;
99.99999999999999;19159.9730784;19159.837617599984;19159.9876448;19159.978387999996;19159.9798088;19159.978387999996;19159.978387999996;19159.978387999996;19159.9876448;19159.978287999995;19159.977914399995;19159.9876448;19159.971183999995;19159.978387999996;19159.9855856;19159.945316800007;19159.927556799983;19159.92056479998;19159.93163839998;19159.936783999983;19159.936783999983;19159.9855856;
99.99999999999999;19159.9730784;19159.837617599984;19159.9876448;19159.978387999996;19159.9798088;19159.978387999996;19159.978387999996;19159.978387999996;19159.9876448;19159.970710399994;19159.977914399995;19159.9876448;19159.971183999995;19159.978387999996;19159.9855856;19159.945316800007;19159.927556799983;19159.92056479998;19159.93163839998;19159.936783999983;19159.936783999983;19159.9855856;
100.01076266666665;19159.9730784;19159.837617599984;19159.9876448;19159.978387999996;19159.9798088;19159.978387999996;19159.978387999996;19159.978387999996;19159.9876448;19159.970710399994;19159.977914399995;19159.9876448;19159.971183999995;19159.978387999996;19159.9855856;19159.945316800007;19159.923895999982;19159.92056479998;19159.93163839998;19159.936783999983;19159.936783999983;19159.9855856;
100.01076266666665;19159.9730784;19159.837617599984;19159.9876448;19159.978387999996;19159.9798088;19159.978387999996;19159.978387999996;19159.978387999996;19159.9876448;19159.970710399994;19159.977914399995;19159.9876448;19159.971183999995;19159.978387999996;19159.9855856;19159.945316800007;19159.91963359998;19159.92056479998;19159.93163839998;19159.936783999983;19159.936783999983;19159.9855856;
100.01389999999998;19159.9730784;19159.837617599984;19159.9876448;19159.978387999996;19159.9798088;19159.978387999996;19159.978387999996;19159.978387999996;19159.9876448;19159.970710399994;19159.977914399995;19159.9855856;19159.971183999995;19159.978387999996;19159.9855856;19159.945316800007;19159.91963359998;19159.92056479998;19159.93163839998;19159.936783999983;19159.936783999983;19159.9855856;
106.37599999999998;19159.9730784;19159.837617599984;19159.9876448;19159.978387999996;19159.979708799998;19159.978387999996;19159.978387999996;19159.978387999996;19159.9876448;19159.970710399994;19159.977914399995;19159.9855856;19159.971183999995;19159.978387999996;19159.9855856;19159.945316800007;19159.91963359998;19159.92056479998;19159.93163839998;19159.936783999983;19159.936783999983;19159.9855856;
106.37599999999998;19159.9730784;19159.837617599984;19159.9876448;19159.978387999996;19159.972604799997;19159.978387999996;19159.978387999996;19159.978387999996;19159.9876448;19159.970710399994;19159.977914399995;19159.9855856;19159.971183999995;19159.978387999996;19159.9855856;19159.945316800007;19159.91963359998;19159.92056479998;19159.93163839998;19159.936783999983;19159.936783999983;19159.9855856;
106.38567333333332;19159.9730784;19159.837617599984;19159.9876448;19159.978387999996;19159.972604799997;19159.978387999996;19159.978387999996;19159.978387999996;19159.9876448;19159.970710399994;19159.977914399995;19159.9855856;19159.971183999995;19159.978387999996;19159.9855856;19159.945316800007;19159.91963359998;19159.92056479998;19159.928206399978;19159.936783999983;19159.936783999983;19159.9855856;
106.38567333333332;19159.9730784;19159.837617599984;19159.9876448;19159.978387999996;19159.972604799997;19159.978387999996;19159.978387999996;19159.978387999996;19159.9876448;19159.970710399994;19159.977914399995;19159.9855856;19159.971183999995;19159.978387999996;19159.9855856;19159.945316800007;19159.91963359998;19159.92056479998;19159.923943999976;19159.936783999983;19159.936783999983;19159.9855856;
106.38881066666664;19159.9730784;19159.837617599984;19159.9876448;19159.978387999996;19159.972604799997;19159.978387999996;19159.978387999996;19159.978387999996;19159.9876448;19159.970710399994;19159.977914399995;19159.9855856;19159.971183999995;19159.978387999996;19159.9855856;19159.945316800007;19159.91963359998;19159.92056479998;19159.923943999976;19159.936783999983;19159.936783999983;19159.9835264;
107.83999999999997;19159.9730784;19159.837617599984;19159.9876448;19159.978387999996;19159.972604799997;19159.978387999996;19159.978287999995;19159.978387999996;19159.9876448;19159.970710399994;19159.977914399995;19159.9855856;19159.971183999995;19159.978387999996;19159.9855856;19159.945316800007;19159.91963359998;19159.92056479998;19159.923943999976;19159.936783999983;19159.936783999983;19159.9835264;
107.83999999999997;19159.9730784;19159.837617599984;19159.9876448;19159.978387999996;19159.972604799997;19159.978387999996;19159.970710399994;19159.978387999996;19159.9876448;19159.970710399994;19159.977914399995;19159.9855856;19159.971183999995;19159.978387999996;19159.9855856;19159.945316800007;19159.91963359998;19159.92056479998;19159.923943999976;19159.936783999983;19159.936783999983;19159.9835264;
107.85076266666664;19159.9730784;19159.837617599984;19159.9876448;19159.978387999996;19159.972604799997;19159.978387999996;19159.970710399994;19159.978387999996;19159.9876448;19159.970710399994;19159.977914399995;19159.9855856;19159.971183999995;19159.978387999996;19159.9855856;19159.945316800007;19159.91963359998;19159.92056479998;19159.923943999976;19159.936783999983;19159.933123199982;19159.9835264;
107.85076266666664;19159.9730784;19159.837617599984;19159.9876448;19159.978387999996;19159.972604799997;19159.978387999996;19159.970710399994;19159.978387999996;19159.9876448;19159.970710399994;19159.977914399995;19159.9855856;19159.971183999995;19159.978387999996;19159.9855856;19159.945316800007;19159.91963359998;19159.92056479998;19159.923943999976;19159.936783999983;19159.92886079998;19159.9835264;
107.85389999999997;19159.9730784;19159.837617599984;19159.9876448;19159.978387999996;19159.972604799997;19159.978387999996;19159.970710399994;19159.978387999996;19159.9855856;19159.970710399994;19159.977914399995;19159.9855856;19159.971183999995;19159.978387999996;19159.9855856;19159.945316800007;19159.91963359998;19159.92056479998;19159.923943999976;19159.936783999983;19159.92886079998;19159.9835264;
108.19799999999995;19159.9730784;19159.837617599984;19159.9876448;19159.978287999995;19159.972604799997;19159.978387999996;19159.970710399994;19159.978387999996;19159.9855856;19159.970710399994;19159.977914399995;19159.9855856;19159.971183999995;19159.978387999996;19159.9855856;19159.945316800007;19159.91963359998;19159.92056479998;19159.923943999976;19159.936783999983;19159.92886079998;19159.9835264;
108.19799999999995;19159.9730784;19159.837617599984;19159.9876448;19159.971183999995;19159.972604799997;19159.978387999996;19159.970710399994;19159.978387999996;19159.9855856;19159.970710399994;19159.977914399995;19159.9855856;19159.971183999995;19159.978387999996;19159.9855856;19159.945316800007;19159.91963359998;19159.92056479998;19159.923943999976;19159.936783999983;19159.92886079998;19159.9835264;
108.20767333333329;19159.9730784;19159.837617599984;19159.9876448;19159.971183999995;19159.972604799997;19159.978387999996;19159.970710399994;19159.978387999996;19159.9855856;19159.970710399994;19159.977914399995;19159.9855856;19159.971183999995;19159.978387999996;19159.9855856;19159.945316800007;19159.91963359998;19159.92056479998;19159.923943999976;19159.933351999982;19159.92886079998;19159.9835264;
108.20767333333329;19159.9730784;19159.837617599984;19159.9876448;19159.971183999995;19159.972604799997;19159.978387999996;19159.970710399994;19159.978387999996;19159.9855856;19159.970710399994;19159.977914399995;19159.9855856;19159.971183999995;19159.978387999996;19159.9855856;19159.945316800007;19159.91963359998;19159.92056479998;19159.923943999976;19159.92908959998;19159.92886079998;19159.9835264;
108.21081066666662;19159.9730784;19159.837617599984;19159.9855856;19159.971183999995;19159.972604799997;19159.978387999996;19159.970710399994;19159.978387999996;19159.9855856;19159.970710399994;19159.977914399995;19159.9855856;19159.971183999995;19159.978387999996;19159.9855856;19159.945316800007;19159.91963359998;19159.92056479998;19159.923943999976;19159.92908959998;19159.92886079998;19159.9835264;
109.85399999999996;19159.9730784;19159.837617599984;19159.9855856;19159.971183999995;19159.972604799997;19159.978287999995;19159.970710399994;19159.978387999996;19159.9855856;19159.970710399994;19159.977914399995;19159.9855856;19159.971183999995;19159.978387999996;19159.9855856;19159.945316800007;19159.91963359998;19159.92056479998;19159.923943999976;19159.92908959998;19159.92886079998;19159.9835264;
109.85399999999996;19159.9730784;19159.837617599984;19159.9855856;19159.971183999995;19159.972604799997;19159.971183999995;19159.970710399994;19159.978387999996;19159.9855856;19159.970710399994;19159.977914399995;19159.9855856;19159.971183999995;19159.978387999996;19159.9855856;19159.945316800007;19159.91963359998;19159.92056479998;19159.923943999976;19159.92908959998;19159.92886079998;19159.9835264;
109.8636733333333;19159.9730784;19159.837617599984;19159.9855856;19159.971183999995;19159.972604799997;19159.971183999995;19159.970710399994;19159.978387999996;19159.9855856;19159.970710399994;19159.977914399995;19159.9855856;19159.971183999995;19159.978387999996;19159.9855856;19159.945316800007;19159.91963359998;19159.92056479998;19159.923943999976;19159.92565759998;19159.92886079998;19159.9835264;
109.8636733333333;19159.9730784;19159.837617599984;19159.9855856;19159.971183999995;19159.972604799997;19159.971183999995;19159.970710399994;19159.978387999996;19159.9855856;19159.970710399994;19159.977914399995;19159.9855856;19159.971183999995;19159.978387999996;19159.9855856;19159.945316800007;19159.91963359998;19159.92056479998;19159.923943999976;19159.921395199977;19159.92886079998;19159.9835264;
109.86681066666662;19159.9730784;19159.837617599984;19159.9835264;19159.971183999995;19159.972604799997;19159.971183999995;19159.970710399994;19159.978387999996;19159.9855856;19159.970710399994;19159.977914399995;19159.9855856;19159.971183999995;19159.978387999996;19159.9855856;19159.945316800007;19159.91963359998;19159.92056479998;19159.923943999976;19159.921395199977;19159.92886079998;19159.9835264;
118.33499999999995;19159.9730784;19159.837617599984;19159.9835264;19159.971183999995;19159.972604799997;19159.971183999995;19159.970710399994;19159.978387999996;19159.9855856;19159.970710399994;19159.977914399995;19159.9855856;19159.971083999993;19159.978387999996;19159.9855856;19159.945316800007;19159.91963359998;19159.92056479998;19159.923943999976;19159.921395199977;19159.92886079998;19159.9835264;
118.33499999999995;19159.9730784;19159.837617599984;19159.9835264;19159.971183999995;19159.972604799997;19159.971183999995;19159.970710399994;19159.978387999996;19159.9855856;19159.970710399994;19159.977914399995;19159.9855856;19159.963979999993;19159.978387999996;19159.9855856;19159.945316800007;19159.91963359998;19159.92056479998;19159.923943999976;19159.921395199977;19159.92886079998;19159.9835264;
118.34467333333329;19159.9730784;19159.837617599984;19159.9835264;19159.971183999995;19159.972604799997;19159.971183999995;19159.970710399994;19159.978387999996;19159.9855856;19159.970710399994;19159.977914399995;19159.9855856;19159.963979999993;19159.978387999996;19159.9855856;19159.945316800007;19159.91963359998;19159.91713279998;19159.923943999976;19159.921395199977;19159.92886079998;19159.9835264;
118.34467333333329;19159.9730784;19159.837617599984;19159.9835264;19159.971183999995;19159.972604799997;19159.971183999995;19159.970710399994;19159.978387999996;19159.9855856;19159.970710399994;19159.977914399995;19159.9855856;19159.963979999993;19159.978387999996;19159.9855856;19159.945316800007;19159.91963359998;19159.912870399978;19159.923943999976;19159.921395199977;19159.92886079998;19159.9835264;
118.34467333333329;19159.9730784;19159.837617599984;19159.9835264;19159.971183999995;19159.972604799997;19159.971183999995;19159.970710399994;19159.978387999996;19159.9855856;19159.970710399994;19159.977914399995;19159.9855856;19159.963979999993;19159.978387999996;19159.9855856;19159.945316800007;19159.91963359998;19159.904345599978;19159.923943999976;19159.921395199977;19159.92886079998;19159.9835264;
118.34781066666662;19159.9730784;19159.837617599984;19159.9835264;19159.971183999995;19159.972604799997;19159.971183999995;19159.970710399994;19159.978387999996;19159.9855856;19159.970710399994;19159.977914399995;19159.9855856;19159.963979999993;19159.978387999996;19159.9835264;19159.945316800007;19159.91963359998;19159.904345599978;19159.923943999976;19159.921395199977;19159.92886079998;19159.9835264;
118.35761466666662;19159.9730784;19159.833499199984;19159.9835264;19159.971183999995;19159.972604799997;19159.971183999995;19159.970710399994;19159.978387999996;19159.9855856;19159.970710399994;19159.977914399995;19159.9855856;19159.963979999993;19159.978387999996;19159.9835264;19159.945316800007;19159.91963359998;19159.904345599978;19159.923943999976;19159.921395199977;19159.92886079998;19159.9835264;
118.35761466666662;19159.9730784;19159.824027199982;19159.9835264;19159.971183999995;19159.972604799997;19159.971183999995;19159.970710399994;19159.978387999996;19159.9855856;19159.970710399994;19159.977914399995;19159.9855856;19159.963979999993;19159.978387999996;19159.9835264;19159.945316800007;19159.91963359998;19159.904345599978;19159.923943999976;19159.921395199977;19159.92886079998;19159.9835264;
118.37273466666662;19159.9730784;19159.824027199982;19159.9835264;19159.971183999995;19159.972604799997;19159.971183999995;19159.970710399994;19159.978387999996;19159.9855856;19159.970710399994;19159.977914399995;19159.9855856;19159.963979999993;19159.978387999996;19159.9835264;19159.940740800008;19159.91963359998;19159.904345599978;19159.923943999976;19159.921395199977;19159.92886079998;19159.9835264;
119.99999999999994;19159.9730784;19159.824027199982;19159.9835264;19159.971183999995;19159.972604799997;19159.971183999995;19159.970710399994;19159.978387999996;19159.9855856;19159.970710399994;19159.977914399995;19159.9855856;19159.963979999993;19159.978387999996;19159.9835264;19159.940740800008;19159.91963359998;19159.904345599978;19159.923943999976;19159.921395199977;19159.92886079998;19159.9835264;
120.17099999999996;19159.972978399997;19159.824027199982;19159.9835264;19159.971183999995;19159.972604799997;19159.971183999995;19159.970710399994;19159.978387999996;19159.9855856;19159.970710399994;19159.977914399995;19159.9855856;19159.963979999993;19159.978387999996;19159.9835264;19159.940740800008;19159.91963359998;19159.904345599978;19159.923943999976;19159.921395199977;19159.92886079998;19159.9835264;
120.17099999999996;19159.966347999998;19159.824027199982;19159.9835264;19159.971183999995;19159.972604799997;19159.971183999995;19159.970710399994;19159.978387999996;19159.9855856;19159.970710399994;19159.977914399995;19159.9855856;19159.963979999993;19159.978387999996;19159.9835264;19159.940740800008;19159.91963359998;19159.904345599978;19159.923943999976;19159.921395199977;19159.92886079998;19159.9835264;
120.17958399999996;19159.966347999998;19159.824027199982;19159.9835264;19159.971183999995;19159.972604799997;19159.971183999995;19159.970710399994;19159.978387999996;19159.9855856;19159.970710399994;19159.977914399995;19159.9855856;19159.963979999993;19159.978387999996;19159.9835264;19159.940740800008;19159.91963359998;19159.904345599978;19159.920740799975;19159.921395199977;19159.92886079998;19159.9835264;
120.17958399999996;19159.966347999998;19159.824027199982;19159.9835264;19159.971183999995;19159.972604799997;19159.971183999995;19159.970710399994;19159.978387999996;19159.9855856;19159.970710399994;19159.977914399995;19159.9855856;19159.963979999993;19159.978387999996;19159.9835264;19159.940740800008;19159.91963359998;19159.904345599978;19159.916478399973;19159.921395199977;19159.92886079998;19159.9835264;
126.17999999999994;19159.966347999998;19159.81113919998;19159.9835264;19159.971183999995;19159.972604799997;19159.971183999995;19159.970710399994;19159.978287999995;19159.9855856;19159.970710399994;19159.977914399995;19159.9855856;19159.963979999993;19159.978387999996;19159.9835264;19159.936393600008;19159.91963359998;19159.904345599978;19159.908427199975;19159.921395199977;19159.92886079998;19159.9814672;
126.17999999999994;19159.966347999998;19159.81113919998;19159.9835264;19159.971183999995;19159.972604799997;19159.971183999995;19159.970710399994;19159.971183999995;19159.9855856;19159.970710399994;19159.977914399995;19159.9855856;19159.963979999993;19159.978387999996;19159.9835264;19159.936393600008;19159.91963359998;19159.904345599978;19159.908427199975;19159.921395199977;19159.92886079998;19159.9814672;
126.18967333333327;19159.966347999998;19159.81113919998;19159.9835264;19159.971183999995;19159.972604799997;19159.971183999995;19159.970710399994;19159.971183999995;19159.9855856;19159.970710399994;19159.977914399995;19159.9855856;19159.963979999993;19159.978387999996;19159.9835264;19159.936393600008;19159.91963359998;19159.904345599978;19159.908427199975;19159.921395199977;19159.92542879998;19159.9814672;
126.18967333333327;19159.966347999998;19159.81113919998;19159.9835264;19159.971183999995;19159.972604799997;19159.971183999995;19159.970710399994;19159.971183999995;19159.9855856;19159.970710399994;19159.977914399995;19159.9855856;19159.963979999993;19159.978387999996;19159.9835264;19159.936393600008;19159.91963359998;19159.904345599978;19159.908427199975;19159.921395199977;19159.921166399978;19159.9814672;
126.1928106666666;19159.966347999998;19159.81113919998;19159.9835264;19159.971183999995;19159.972604799997;19159.971183999995;19159.970710399994;19159.971183999995;19159.9835264;19159.970710399994;19159.977914399995;19159.9855856;19159.963979999993;19159.978387999996;19159.9835264;19159.936393600008;19159.91963359998;19159.904345599978;19159.908427199975;19159.921395199977;19159.921166399978;19159.9814672;
133.05699999999993;19159.966347999998;19159.81113919998;19159.9835264;19159.971183999995;19159.972604799997;19159.971183999995;19159.970710399994;19159.971183999995;19159.9835264;19159.970710399994;19159.977914399995;19159.9855856;19159.963879999992;19159.978387999996;19159.9835264;19159.936393600008;19159.91963359998;19159.904345599978;19159.908427199975;19159.921395199977;19159.921166399978;19159.9814672;
133.05699999999993;19159.966347999998;19159.81113919998;19159.9835264;19159.971183999995;19159.972604799997;19159.971183999995;19159.970710399994;19159.971183999995;19159.9835264;19159.970710399994;19159.977914399995;19159.9855856;19159.95677599999;19159.978387999996;19159.9835264;19159.936393600008;19159.91963359998;19159.904345599978;19159.908427199975;19159.921395199977;19159.921166399978;19159.9814672;
133.06667333333326;19159.966347999998;19159.81113919998;19159.9835264;19159.971183999995;19159.972604799997;19159.971183999995;19159.970710399994;19159.971183999995;19159.9835264;19159.970710399994;19159.977914399995;19159.9855856;19159.95677599999;19159.978387999996;19159.9835264;19159.936393600008;19159.91963359998;19159.900913599977;19159.908427199975;19159.921395199977;19159.921166399978;19159.9814672;
133.06667333333326;19159.966347999998;19159.81113919998;19159.9835264;19159.971183999995;19159.972604799997;19159.971183999995;19159.970710399994;19159.971183999995;19159.9835264;19159.970710399994;19159.977914399995;19159.9855856;19159.95677599999;19159.978387999996;19159.9835264;19159.936393600008;19159.91963359998;19159.896651199975;19159.908427199975;19159.921395199977;19159.921166399978;19159.9814672;
133.0698106666666;19159.966347999998;19159.81113919998;19159.9835264;19159.971183999995;19159.972604799997;19159.971183999995;19159.970710399994;19159.971183999995;19159.9835264;19159.970710399994;19159.977914399995;19159.9855856;19159.95677599999;19159.978387999996;19159.9814672;19159.936393600008;19159.91963359998;19159.896651199975;19159.908427199975;19159.921395199977;19159.921166399978;19159.9814672;
147.77899999999994;19159.966347999998;19159.81113919998;19159.9835264;19159.971183999995;19159.972604799997;19159.971183999995;19159.970710399994;19159.971183999995;19159.9835264;19159.970710399994;19159.977914399995;19159.9855856;19159.95667599999;19159.978387999996;19159.9814672;19159.936393600008;19159.91963359998;19159.896651199975;19159.908427199975;19159.921395199977;19159.921166399978;19159.9814672;
147.77899999999994;19159.966347999998;19159.81113919998;19159.9835264;19159.971183999995;19159.972604799997;19159.971183999995;19159.970710399994;19159.971183999995;19159.9835264;19159.970710399994;19159.977914399995;19159.9855856;19159.94957199999;19159.978387999996;19159.9814672;19159.936393600008;19159.91963359998;19159.896651199975;19159.908427199975;19159.921395199977;19159.921166399978;19159.9814672;
147.78867333333326;19159.966347999998;19159.81113919998;19159.9835264;19159.971183999995;19159.972604799997;19159.971183999995;19159.970710399994;19159.971183999995;19159.9835264;19159.970710399994;19159.977914399995;19159.9855856;19159.94957199999;19159.978387999996;19159.9814672;19159.936393600008;19159.91963359998;19159.893219199974;19159.908427199975;19159.921395199977;19159.921166399978;19159.9814672;
147.78867333333326;19159.966347999998;19159.81113919998;19159.9835264;19159.971183999995;19159.972604799997;19159.971183999995;19159.970710399994;19159.971183999995;19159.9835264;19159.970710399994;19159.977914399995;19159.9855856;19159.94957199999;19159.978387999996;19159.9814672;19159.936393600008;19159.91963359998;19159.888956799972;19159.908427199975;19159.921395199977;19159.921166399978;19159.9814672;
147.78867333333326;19159.966347999998;19159.81113919998;19159.9835264;19159.971183999995;19159.972604799997;19159.971183999995;19159.970710399994;19159.971183999995;19159.9835264;19159.970710399994;19159.977914399995;19159.9855856;19159.94957199999;19159.978387999996;19159.9814672;19159.936393600008;19159.91963359998;19159.880431999973;19159.908427199975;19159.921395199977;19159.921166399978;19159.9814672;
147.7918106666666;19159.966347999998;19159.81113919998;19159.9835264;19159.971183999995;19159.972604799997;19159.971183999995;19159.970710399994;19159.971183999995;19159.9835264;19159.970710399994;19159.977914399995;19159.9855856;19159.94957199999;19159.978387999996;19159.979408;19159.936393600008;19159.91963359998;19159.880431999973;19159.908427199975;19159.921395199977;19159.921166399978;19159.9814672;
147.8016146666666;19159.966347999998;19159.80702079998;19159.9835264;19159.971183999995;19159.972604799997;19159.971183999995;19159.970710399994;19159.971183999995;19159.9835264;19159.970710399994;19159.977914399995;19159.9855856;19159.94957199999;19159.978387999996;19159.979408;19159.936393600008;19159.91963359998;19159.880431999973;19159.908427199975;19159.921395199977;19159.921166399978;19159.9814672;
147.8016146666666;19159.966347999998;19159.79754879998;19159.9835264;19159.971183999995;19159.972604799997;19159.971183999995;19159.970710399994;19159.971183999995;19159.9835264;19159.970710399994;19159.977914399995;19159.9855856;19159.94957199999;19159.978387999996;19159.979408;19159.936393600008;19159.91963359998;19159.880431999973;19159.908427199975;19159.921395199977;19159.921166399978;19159.9814672;
147.8167346666666;19159.966347999998;19159.79754879998;19159.9835264;19159.971183999995;19159.972604799997;19159.971183999995;19159.970710399994;19159.971183999995;19159.9835264;19159.970710399994;19159.977914399995;19159.9855856;19159.94957199999;19159.978387999996;19159.979408;19159.93181760001;19159.91963359998;19159.880431999973;19159.908427199975;19159.921395199977;19159.921166399978;19159.9814672;
149.99999999999994;19159.966347999998;19159.79754879998;19159.9835264;19159.971183999995;19159.972604799997;19159.971183999995;19159.970710399994;19159.971183999995;19159.9835264;19159.970610399992;19159.977914399995;19159.9855856;19159.94957199999;19159.978387999996;19159.979408;19159.93181760001;19159.91963359998;19159.880431999973;19159.908427199975;19159.921395199977;19159.921166399978;19159.9814672;
149.99999999999994;19159.966347999998;19159.79754879998;19159.9835264;19159.971183999995;19159.972604799997;19159.971183999995;19159.970710399994;19159.971183999995;19159.9835264;19159.963506399992;19159.977914399995;19159.9855856;19159.94957199999;19159.978387999996;19159.979408;19159.93181760001;19159.91963359998;19159.880431999973;19159.908427199975;19159.921395199977;19159.921166399978;19159.9814672;
150.00967333333327;19159.966347999998;19159.79754879998;19159.9835264;19159.971183999995;19159.972604799997;19159.971183999995;19159.970710399994;19159.971183999995;19159.9835264;19159.963506399992;19159.977914399995;19159.9855856;19159.94957199999;19159.978387999996;19159.979408;19159.93181760001;19159.91620159998;19159.880431999973;19159.908427199975;19159.921395199977;19159.921166399978;19159.9814672;
150.00967333333327;19159.966347999998;19159.79754879998;19159.9835264;19159.971183999995;19159.972604799997;19159.971183999995;19159.970710399994;19159.971183999995;19159.9835264;19159.963506399992;19159.977914399995;19159.9855856;19159.94957199999;19159.978387999996;19159.979408;19159.93181760001;19159.911939199977;19159.880431999973;19159.908427199975;19159.921395199977;19159.921166399978;19159.9814672;
150.00967333333327;19159.966347999998;19159.79754879998;19159.9835264;19159.971183999995;19159.972604799997;19159.971183999995;19159.970710399994;19159.971183999995;19159.9835264;19159.963506399992;19159.977914399995;19159.9855856;19159.94957199999;19159.978387999996;19159.979408;19159.93181760001;19159.903414399978;19159.880431999973;19159.908427199975;19159.921395199977;19159.921166399978;19159.9814672;
150.0128106666666;19159.966347999998;19159.79754879998;19159.9835264;19159.971183999995;19159.972604799997;19159.971183999995;19159.970710399994;19159.971183999995;19159.9835264;19159.963506399992;19159.977914399995;19159.9835264;19159.94957199999;19159.978387999996;19159.979408;19159.93181760001;19159.903414399978;19159.880431999973;19159.908427199975;19159.921395199977;19159.921166399978;19159.9814672;
150.0226146666666;19159.966347999998;19159.79343039998;19159.9835264;19159.971183999995;19159.972604799997;19159.971183999995;19159.970710399994;19159.971183999995;19159.9835264;19159.963506399992;19159.977914399995;19159.9835264;19159.94957199999;19159.978387999996;19159.979408;19159.93181760001;19159.903414399978;19159.880431999973;19159.908427199975;19159.921395199977;19159.921166399978;19159.9814672;
150.0226146666666;19159.966347999998;19159.783958399978;19159.9835264;19159.971183999995;19159.972604799997;19159.971183999995;19159.970710399994;19159.971183999995;19159.9835264;19159.963506399992;19159.977914399995;19159.9835264;19159.94957199999;19159.978387999996;19159.979408;19159.93181760001;19159.903414399978;19159.880431999973;19159.908427199975;19159.921395199977;19159.921166399978;19159.9814672;
150.0377346666666;19159.966347999998;19159.783958399978;19159.9835264;19159.971183999995;19159.972604799997;19159.971183999995;19159.970710399994;19159.971183999995;19159.9835264;19159.963506399992;19159.977914399995;19159.9835264;19159.94957199999;19159.978387999996;19159.979408;19159.92724160001;19159.903414399978;19159.880431999973;19159.908427199975;19159.921395199977;19159.921166399978;19159.9814672;
152.72499999999994;19159.966347999998;19159.783958399978;19159.9835264;19159.971183999995;19159.972604799997;19159.971183999995;19159.970710399994;19159.971083999993;19159.9835264;19159.963506399992;19159.977914399995;19159.9835264;19159.94957199999;19159.978387999996;19159.979408;19159.92724160001;19159.903414399978;19159.880431999973;19159.908427199975;19159.921395199977;19159.921166399978;19159.9814672;
152.72499999999994;19159.966347999998;19159.783958399978;19159.9835264;19159.971183999995;19159.972604799997;19159.971183999995;19159.970710399994;19159.963879999992;19159.9835264;19159.963506399992;19159.977914399995;19159.9835264;19159.94957199999;19159.978387999996;19159.979408;19159.92724160001;19159.903414399978;19159.880431999973;19159.908427199975;19159.921395199977;19159.921166399978;19159.9814672;
152.72499999999994;19159.966347999998;19159.783958399978;19159.9835264;19159.971183999995;19159.972604799997;19159.971183999995;19159.970710399994;19159.95677599999;19159.9835264;19159.963506399992;19159.977914399995;19159.9835264;19159.94957199999;19159.978387999996;19159.979408;19159.92724160001;19159.903414399978;19159.880431999973;19159.908427199975;19159.921395199977;19159.921166399978;19159.9814672;
152.73467333333326;19159.966347999998;19159.783958399978;19159.9835264;19159.971183999995;19159.972604799997;19159.971183999995;19159.970710399994;19159.95677599999;19159.9835264;19159.963506399992;19159.977914399995;19159.9835264;19159.94957199999;19159.978387999996;19159.979408;19159.92724160001;19159.903414399978;19159.880431999973;19159.908427199975;19159.921395199977;19159.914302399975;19159.9814672;
